model,test_mse,test_r2
dummy,0.010068062598991477,-0.012971729500623086
Linreg,0.004582059002459503,0.5389881432739358
XGboost,0.0031052566958974007,0.6875727365757867
lightgbm,0.0023923130277614603,0.7593036950841817
Random_Forest,0.0024901714466213404,0.7494579267624175
cat,0.002711241180483329,0.7272155749247509
dt,0.003248697155765797,0.6731408506707657
Keras,0.030001510241212427,-2.018523317456912
